id	alignment	repeat	reason
546:9:B:1	yes	false	Search requests the 2023 consecutive decider and 4-3/4-0 result pattern.
546:9:B:2	no	false	Career statistics are a separate question clue, not the frozen tournament-chain gap.
546:9:C:1	yes	false	Search requests round-by-round results with the linked score pattern.
546:9:C:2	partial	false	Names a player and event with two scores but does not request the complete four-match chain.
546:17:B:1	partial	false	Find checks one 4-0 score in the tournament document, not the linked sequence.
546:17:B:2	partial	false	Find checks one 4-3 result but not its position in the full chain.
546:17:C:1	yes	false	Find ties 4-3, 4-0 and the later opponent in the same results source.
546:17:C:2	partial	false	Find checks a decider and 4-3 progression without the later 4-0 and loss.
546:25:B:1	no	true	Opening W13 already reports Ding's 4-3 opening result; adjacent context is not the requested bracket.
546:25:B:2	yes	false	Search seeks later English Open results to test whether the opening win extends into the full chain.
546:25:C:1	yes	false	Search asks for the proposed player's linked later scores in the tournament.
546:25:C:2	partial	false	Search seeks the relevant bracket but does not specify the full score-and-loss sequence.
546:33:B:1	yes	false	Find checks the proposed player's pro start and career break counts in his biography.
546:33:B:2	no	false	Tournament results do not address the frozen biography/statistics gap.
546:33:B:3	no	false	A match search does not check the frozen career-statistics gap.
546:33:C:1	yes	false	Find checks pro start and career break counts in the promoted biography.
546:33:C:2	no	false	Match results are separate from the frozen player-statistics gap.
546:41:B:1	yes	false	Find checks the pro year, one explicit part of the frozen career-statistics gap.
546:41:B:2	yes	false	Find checks centuries and maximum breaks, the other explicit part of that gap.
546:41:B:3	no	false	Tournament match results do not check career statistics.
546:41:C:1	yes	false	Find asks for the pro year, century count and maximum breaks together.
546:41:C:2	no	false	World Grand Prix scores do not check career statistics.
1094:23:B:1	partial	false	Generic founding-dispute discovery may find a club but does not link a fixture and goal chronology.
1094:23:B:2	partial	false	Generic name-history discovery tests only one of the combined fixture clues.
1094:23:B:3	partial	false	Generic dispute phrase tests club origin alone without the fixture.
1094:23:B:4	partial	false	Generic 95th-minute report discovery tests the isolated kick clue alone.
1094:23:C:1	partial	false	Generic split-club discovery does not join both clubs with a fixture.
1094:23:C:2	partial	false	Generic name-iteration discovery covers only the opponent-history clue.
1094:23:C:3	partial	false	Generic late free-kick discovery covers only the isolated event clue.
1094:34:B:1	no	false	An AFC Wimbledon fixture query is not a founding-history source for the proposed split.
1094:34:B:2	no	false	A 95th-minute fixture query does not establish a founding split.
1094:34:B:3	yes	false	Search directly requests Internazionale's formation through the AC Milan split.
1094:34:C:1	no	false	A Messi PSG fixture query is unrelated to the frozen club-founding gap.
1094:34:C:2	partial	false	Generic split-club search may discover a source but names no proposed founding event.
1094:34:C:3	partial	false	Generic breakaway-club search may discover histories but does not target the proposed club.
1094:45:B:1	partial	false	Adjacent PSG-Lille match context might reveal timing but cannot establish both club histories.
1094:45:B:2	partial	false	Search combines late kick and early scoring but names neither proposed club.
1094:45:B:3	no	false	Broad 2000s late-kick search is not tied to the PSG-Lille proposal or histories.
1094:45:C:1	partial	false	A founding-discord phrase may locate a club history without identifying the fixture.
1094:45:C:2	partial	false	Generic split-club search addresses only one required history.
1094:45:C:3	yes	false	Find checks the proposed PSG-Lille fixture's goal timeline, an unresolved part of its qualification.
1094:53:B:1	no	false	An unnamed 95th-minute free-kick search does not connect the two distinct leads.
1094:53:B:2	no	true	W42 already reports the Internazionale split; this query chiefly revisits that supported fact.
1094:53:B:3	partial	false	Generic name-history search could identify the second club but not its fixture with the first.
1094:53:B:4	partial	false	Generic founding phrase could locate a club but does not connect the fixture.
1094:53:C:1	partial	false	Specific Milan derby search probes a possible fixture but omits the decisive late kick.
1094:53:C:2	yes	false	Search tests whether a split-founded Inter fixture with AC Milan has the 95th-minute kick.
1094:53:C:3	yes	false	Match-report search tests the proposed Inter-Milan linkage to the late-kick clue.
1094:61:B:1	no	false	Inter-Tottenham fixture timing does not verify Internazionale's founding split.
1094:61:B:2	no	false	A Bale match report does not verify the club-origin clue.
1094:61:C:1	yes	false	Find seeks the 1908 split and foreign-player dispute in the promoted history source.
1094:61:C:2	no	false	A late-kick fixture search is separate from the frozen founding-history gap.
1094:69:B:1	no	false	Generic last-minute-goal document cannot link PSG-Lille to both club origins.
1094:69:B:2	no	false	An alternate Inter late-kick search does not test the proposed PSG-Lille fixture.
1094:69:B:3	no	false	An alternate Inter match chronology does not qualify the PSG-Lille proposal.
1094:69:C:1	no	false	AFC Wimbledon-MK Dons is a different proposed fixture from PSG-Lille.
1094:69:C:2	no	false	Alternate club-origin search does not test PSG-Lille's club histories.
1094:69:C:3	no	false	Alternate fixture chronology does not test PSG-Lille's timing.
1094:77:B:1	no	false	Generic last-minute-goal page does not identify PSG-Lille's clubs or scoring sequence.
1094:77:B:2	yes	false	PSG founding history directly tests one proposed club against the split-origin clue.
1094:77:B:3	yes	false	Lille founding history directly tests the proposed opponent against the identity-history clue.
1094:77:B:4	partial	false	Inter late-kick search tests an alternative lead, not PSG-Lille's complete qualification.
1094:77:C:1	partial	false	Generic discord phrase may find a history but is not anchored to PSG-Lille.
1094:77:C:2	partial	false	Generic identity phrase may find a history but is not anchored to PSG-Lille.
1094:77:C:3	no	false	Generic late-goal document cannot resolve the proposed fixture's club histories.
1094:77:C:4	no	false	Generic 95th-minute search is detached from PSG-Lille's identity and timing gap.
1094:93:B:1	partial	false	An Inter late-kick search may find an alternative match but cannot alone reconcile both club histories.
1094:93:B:2	partial	false	An Inter match-report search lacks the opponent and chronology needed to resolve the mismatch.
1094:93:B:3	partial	false	Repeated broad Inter late-kick search remains short of joint fixture and history validation.
1094:93:C:1	no	false	W74 belongs to an academy-team article unrelated to the proposed fixture.
1094:93:C:2	no	false	D53 is an academy-team article, not a source for the proposed 95th-minute fixture.
